{
    "average_duration_seconds": 57.87,
    "longest_duration_seconds": 74,
    "shortest_duration_seconds": 39,
    "duration_groups": [
        {
            "group": "30-45",
            "video_count": 9,
            "average_views": 536855.8888888889,
            "average_likes": 11962.666666666666
        },
        {
            "group": "45-60",
            "video_count": 36,
            "average_views": 334603.0,
            "average_likes": 6482.388888888889
        },
        {
            "group": "60+",
            "video_count": 55,
            "average_views": 294356.12727272726,
            "average_likes": 5890.945454545455
        }
    ]
}