{
    "average_duration_seconds": 57.87,
    "longest_duration_seconds": 74,
    "shortest_duration_seconds": 39,
    "duration_groups": [
        {
            "group": "30-45",
            "video_count": 9,
            "average_views": 537500.0,
            "average_likes": 11975.666666666666
        },
        {
            "group": "45-60",
            "video_count": 36,
            "average_views": 334867.47222222225,
            "average_likes": 6487.138888888889
        },
        {
            "group": "60+",
            "video_count": 55,
            "average_views": 294763.56363636366,
            "average_likes": 5901.454545454545
        }
    ]
}