{
    "average_duration_seconds": 57.87,
    "longest_duration_seconds": 74,
    "shortest_duration_seconds": 39,
    "duration_groups": [
        {
            "group": "30-45",
            "video_count": 9,
            "average_views": 537544.6666666666,
            "average_likes": 11977.0
        },
        {
            "group": "45-60",
            "video_count": 36,
            "average_views": 334890.6388888889,
            "average_likes": 6487.305555555556
        },
        {
            "group": "60+",
            "video_count": 55,
            "average_views": 294796.36363636365,
            "average_likes": 5902.181818181818
        }
    ]
}