{
    "average_duration_seconds": 57.87,
    "longest_duration_seconds": 74,
    "shortest_duration_seconds": 39,
    "duration_groups": [
        {
            "group": "30-45",
            "video_count": 9,
            "average_views": 537304.0,
            "average_likes": 11971.777777777777
        },
        {
            "group": "45-60",
            "video_count": 36,
            "average_views": 334778.55555555556,
            "average_likes": 6485.638888888889
        },
        {
            "group": "60+",
            "video_count": 55,
            "average_views": 294617.6,
            "average_likes": 5898.163636363636
        }
    ]
}