{
    "average_duration_seconds": 57.87,
    "longest_duration_seconds": 74,
    "shortest_duration_seconds": 39,
    "duration_groups": [
        {
            "group": "30-45",
            "video_count": 9,
            "average_views": 537919.6666666666,
            "average_likes": 11988.333333333334
        },
        {
            "group": "45-60",
            "video_count": 36,
            "average_views": 331745.05555555556,
            "average_likes": 6452.555555555556
        },
        {
            "group": "60+",
            "video_count": 55,
            "average_views": 295049.56363636366,
            "average_likes": 5908.290909090909
        }
    ]
}