{
    "average_duration_seconds": 57.87,
    "longest_duration_seconds": 74,
    "shortest_duration_seconds": 39,
    "duration_groups": [
        {
            "group": "30-45",
            "video_count": 9,
            "average_views": 537519.8888888889,
            "average_likes": 11975.888888888889
        },
        {
            "group": "45-60",
            "video_count": 36,
            "average_views": 334883.30555555556,
            "average_likes": 6487.277777777777
        },
        {
            "group": "60+",
            "video_count": 55,
            "average_views": 294791.34545454546,
            "average_likes": 5901.927272727273
        }
    ]
}