{
    "average_duration_seconds": 57.87,
    "longest_duration_seconds": 74,
    "shortest_duration_seconds": 39,
    "duration_groups": [
        {
            "group": "30-45",
            "video_count": 9,
            "average_views": 537720.4444444445,
            "average_likes": 11984.0
        },
        {
            "group": "45-60",
            "video_count": 36,
            "average_views": 331499.27777777775,
            "average_likes": 6435.777777777777
        },
        {
            "group": "60+",
            "video_count": 55,
            "average_views": 294920.58181818185,
            "average_likes": 5904.854545454546
        }
    ]
}