{
    "average_duration_seconds": 57.87,
    "longest_duration_seconds": 74,
    "shortest_duration_seconds": 39,
    "duration_groups": [
        {
            "group": "30-45",
            "video_count": 9,
            "average_views": 537991.2222222222,
            "average_likes": 11989.444444444445
        },
        {
            "group": "45-60",
            "video_count": 36,
            "average_views": 331789.8333333333,
            "average_likes": 6454.805555555556
        },
        {
            "group": "60+",
            "video_count": 55,
            "average_views": 295092.10909090907,
            "average_likes": 5909.090909090909
        }
    ]
}