{
    "average_duration_seconds": 57.87,
    "longest_duration_seconds": 74,
    "shortest_duration_seconds": 39,
    "duration_groups": [
        {
            "group": "30-45",
            "video_count": 9,
            "average_views": 537177.8888888889,
            "average_likes": 11968.888888888889
        },
        {
            "group": "45-60",
            "video_count": 36,
            "average_views": 334728.77777777775,
            "average_likes": 6485.111111111111
        },
        {
            "group": "60+",
            "video_count": 55,
            "average_views": 294539.2181818182,
            "average_likes": 5896.163636363636
        }
    ]
}