{
    "older": {
        "average_views": 288880.06,
        "average_likes": 5179.62,
        "average_comments": 197.88,
        "average_duration": 59.22
    },
    "newer": {
        "average_views": 371001.74,
        "average_likes": 8106.6,
        "average_comments": 194.64,
        "average_duration": 56.52
    },
    "differences": {
        "views_change_percent": 28.427604175933773,
        "likes_change_percent": 56.509550893694914,
        "comments_change_percent": -1.6373559733171665,
        "duration_change_seconds": -2.6999999999999957
    }
}