{
    "older": {
        "average_views": 288917.82,
        "average_likes": 5180.68,
        "average_comments": 197.94,
        "average_duration": 59.22
    },
    "newer": {
        "average_views": 371318.68,
        "average_likes": 8122.18,
        "average_comments": 195.48,
        "average_duration": 56.52
    },
    "differences": {
        "views_change_percent": 28.520518395161638,
        "likes_change_percent": 56.77826076885659,
        "comments_change_percent": -1.2428008487420472,
        "duration_change_seconds": -2.6999999999999957
    }
}